feature,importance
roll_mean_4,17299726.759619474
roll_mean_8,2409943.737898588
roll_mean_13,1641685.8378026485
lag_2,1364928.5260195732
lag_1,507075.62739515305
lag_13,362256.57997751236
lag_8,298337.6431617737
lag_4,243034.00030946732
week_of_year,230789.7948424816
payday_week,99263.00859355927
allergy_index,55743.496753931046
category_enc,54579.18785238266
month,38691.32681322098
flu_index,34816.425619125366
quarter,2960.0855374336243
year_offset,0.0
avg_daily_rx,0.0
log_avg_daily_rx,0.0
